metric,trend_direction,trend_slope,trend_mean,seasonal_amplitude,resid_std
bio_total,decreasing,-14382.813935137692,593574.4260869565,0.0,1709648.5086956818
demo_total,decreasing,-3708.9993056103535,318239.64347826084,0.0,771768.345835413
enrol_total,decreasing,-429.1192929850864,46363.13043478261,0.0,69882.69914756801
